MissForest,MissForest,MissForest
Accuracy,AUROC,MSE
[0.9969; 0.9969],[0.9968; 0.9968],[nan; nan]
[0.983; 0.9882],[0.9824; 0.9876],[nan; nan]
[0.9529; 0.9629],[0.9514; 0.9616],[nan; nan]
[0.8442; 0.8488],[0.918; 0.9202],[nan; nan]
[0.6633; 0.6775],[0.8252; 0.8324],[nan; nan]
[0.469; 0.4838],[0.7271; 0.7339],[nan; nan]
[0.8829; 0.8847],[0.5845; 0.5909],[nan; nan]
[0.884; 0.8864],[0.5789; 0.5917],[nan; nan]
[0.8747; 0.8771],[0.5654; 0.581],[nan; nan]
[0.8015; 0.8043],[0.5951; 0.6023],[nan; nan]
[0.7957; 0.8019],[0.5834; 0.5972],[nan; nan]
[0.7925; 0.7969],[0.5651; 0.5723],[nan; nan]
[nan; nan],[nan; nan],[43059959.1082; 43127962.5918]
[nan; nan],[nan; nan],[43043533.1283; 43338975.8917]
[nan; nan],[nan; nan],[46501018.1449; 48086841.1751]
